{"currentSavePos":{"x":10.0,"y":-37.900001525878909,"z":0.0},"deathCount":0,"completeTime":0.3892695903778076,"collectionAmount":0}