{"currentSavePos":{"x":0.07999999821186066,"y":2.299999952316284,"z":0.0},"deathCount":1,"completeTime":9.556692123413086,"collectionAmount":2}