{"currentSavePos":{"x":21.639999389648439,"y":10.109999656677246,"z":0.0},"deathCount":1,"completeTime":32.639312744140628,"collectionAmount":2}