{"currentSavePos":{"x":21.639999389648439,"y":10.109999656677246,"z":0.0},"deathCount":0,"completeTime":16.050079345703126,"collectionAmount":0}