{"currentSavePos":{"x":10.0,"y":-37.900001525878909,"z":0.0},"deathCount":0,"completeTime":4.400940895080566,"collectionAmount":0}