{"currentDifficulty":0,"currentSavePos":{"x":8.199999809265137,"y":38.91999816894531,"z":0.0},"deathCount":1,"completeTime":11.4889554977417,"collectionAmount":1}