{"currentDifficulty":2,"currentSavePos":{"x":10.0,"y":-41.79999923706055,"z":0.0},"deathCount":0,"completeTime":1.034289002418518,"collectionAmount":0}