{"currentDifficulty":0,"currentSavePos":{"x":21.0,"y":185.8000030517578,"z":0.0},"deathCount":1,"completeTime":45.22161865234375,"collectionAmount":7}