{"currentSavePos":{"x":0.07999999821186066,"y":2.299999952316284,"z":0.0},"deathCount":0,"completeTime":7.295108318328857,"collectionAmount":2}