{"currentDifficulty":0,"currentSavePos":{"x":12.575729370117188,"y":362.8826599121094,"z":0.0},"deathCount":12,"completeTime":194.775146484375,"collectionAmount":11}