{"currentSavePos":{"x":-1.8828048706054688,"y":117.16999816894531,"z":0.0},"deathCount":0,"completeTime":20.801626205444337,"collectionAmount":5}