{"currentDifficulty":2,"currentSavePos":{"x":21.0,"y":185.8000030517578,"z":0.0},"deathCount":16,"completeTime":143.73739624023438,"collectionAmount":11}