{"currentDifficulty":0,"currentSavePos":{"x":21.0,"y":185.8000030517578,"z":0.0},"deathCount":2,"completeTime":41.478782653808597,"collectionAmount":6}